<?xml version="1.0" ?> 
<SampleConfigs>
<SampleConfig ParentNodeID = "Serialization" Priority = "200">
  <Title>Basic Serialization</Title> 
  <Thumbnail>thumbnail.jpg</Thumbnail>
  <ShortBlurb>Chart Serialization</ShortBlurb> 
  <SampleControl>BasicSerialization</SampleControl> 
  <InfoPages>
    <InfoPage Title="C# Source">cscode.txt</InfoPage>
    <InfoPage Title="Visual Basic Source">vbcode.txt</InfoPage>
  </InfoPages>
  <Keywords>
	<Keyword>Serialization</Keyword>
  </Keywords> 

</SampleConfig>

</SampleConfigs>
