<?xml version="1.0" ?> 
<SampleConfigs>

<SampleConfig ParentNodeID = "ChartArea">
  <Title>Aligning Charting Areas</Title> 
  <Thumbnail>thumbnail.jpg</Thumbnail>
  <ShortBlurb>Aligning Chart Areas</ShortBlurb> 
  <SampleControl>AligningChartingAreas</SampleControl> 
  <InfoPages>
    <InfoPage Title="C# Source">cscode.txt</InfoPage>
    <InfoPage Title="Visual Basic Source">vbcode.txt</InfoPage>
  </InfoPages>
  <Keywords>
	<Keyword>Chart area, Alignment</Keyword>
	<Keyword>Alignment, Chart area</Keyword>
  </Keywords>
</SampleConfig>


</SampleConfigs>
