<?xml version="1.0" ?> 
<SampleConfigs>
<SampleConfig ParentNodeID = "Axis" Priority="550">
  <Title>Grid Lines and Tick Marks</Title> 
  <Thumbnail>thumbnail.jpg</Thumbnail>
  <ShortBlurb>Grid Lines and Tick Marks</ShortBlurb> 
  <SampleControl>GridLinesTicks</SampleControl> 
  <InfoPages>
    <InfoPage Title="C# Source">cscode.txt</InfoPage>
    <InfoPage Title="Visual Basic Source">vbcode.txt</InfoPage>
  </InfoPages>
  <Keywords>
	<Keyword>Interval, GridLines and TickMark</Keyword>
	<Keyword>Appearance, GridLines and TickMark</Keyword>
	<Keyword>Grid Lines, Appearance</Keyword>
	<Keyword>Tick mark, Appearance</Keyword>
  </Keywords>
</SampleConfig>
</SampleConfigs>
