<?xml version="1.0" ?> 
<SampleConfigs>
<SampleConfig ParentNodeID = "Customizations" Priority = "300">
  <Title>Custom Painting a DataTable</Title>
  <Thumbnail>thumbnail.jpg</Thumbnail>
  <ShortBlurb>Custom Painting a DataTable</ShortBlurb> 
  <SampleControl>PaintingDataTable</SampleControl> 
  <InfoPages>
    <InfoPage Title="C# Source">cscode.txt</InfoPage>
    <InfoPage Title="Visual Basic Source">vbcode.txt</InfoPage>
  </InfoPages>
  <Keywords>
    <Keyword>Customizations, Data Tables</Keyword>
  </Keywords>
</SampleConfig>


</SampleConfigs>
