<?xml version="1.0" ?> 
<SampleConfigs>

<SampleConfig ParentNodeID = "Customizations" Priority = "500">
  <Title>Custom ToolTips</Title>
  <Thumbnail>thumbnail.jpg</Thumbnail>
  <ShortBlurb>Using Custom ToolTips</ShortBlurb> 
  <SampleControl>CustomToolTips</SampleControl> 
  <InfoPages>
    <InfoPage Title="C# Source">cscode.txt</InfoPage>
    <InfoPage Title="Visual Basic Source">vbcode.txt</InfoPage>
  </InfoPages>
  <Keywords>
	<Keyword>Tooltips, Custom</Keyword>
  </Keywords> 

</SampleConfig>

<SampleConfig ParentNodeID = "ToolTips" Priority="200">
  <Title>Custom ToolTips</Title> 
  <Thumbnail>thumbnail.jpg</Thumbnail>
  <ShortBlurb>Using Custom ToolTips</ShortBlurb> 
  <SampleControl>CustomToolTips</SampleControl> 
  <InfoPages>
    <InfoPage Title="C# Source">cscode.txt</InfoPage>
    <InfoPage Title="Visual Basic Source">vbcode.txt</InfoPage>
  </InfoPages>
  <Keywords>
	<Keyword>Tooltips, Custom</Keyword>
  </Keywords> 
</SampleConfig>

<SampleConfig ParentNodeID = "DataSeries">
  <Title>Custom ToolTips</Title> 
  <Thumbnail>thumbnail.jpg</Thumbnail>
  <ShortBlurb>Using Custom ToolTips</ShortBlurb> 
  <SampleControl>CustomToolTips</SampleControl> 
  <InfoPages>
    <InfoPage Title="C# Source">cscode.txt</InfoPage>
    <InfoPage Title="Visual Basic Source">vbcode.txt</InfoPage>
  </InfoPages>
  <Keywords>
	<Keyword>Tooltips, Custom</Keyword>
  </Keywords> 

</SampleConfig>

</SampleConfigs>