<?xml version="1.0" ?> 
<SampleConfigs>

<SampleConfig ParentNodeID = "Titles">
  <Title>Multiple Titles</Title> 
  <Thumbnail>thumbnail.jpg</Thumbnail>
  <ShortBlurb>Multiple Titles and Alignment</ShortBlurb> 
  <SampleControl>MultipleTitles</SampleControl> 
  <InfoPages>
    <InfoPage Title="C# Source">cscode.txt</InfoPage>
    <InfoPage Title="Visual Basic Source">vbcode.txt</InfoPage>
  </InfoPages>
  <Keywords>
	<Keyword>Title, Multiple titles</Keyword>
	<Keyword>Multiple titles</Keyword>
  </Keywords> 

</SampleConfig>

</SampleConfigs>
