<?xml version="1.0" ?> 
<SampleConfigs>
<SampleConfig ParentNodeID = "Legend" Priority="200">
  <Title>Legend Font</Title> 
  <Thumbnail>thumbnail.jpg</Thumbnail>
  <ShortBlurb>Setting Legend Font Appearance</ShortBlurb> 
  <SampleControl>LegendFont</SampleControl> 
  <InfoPages>
    <InfoPage Title="C# Source">cscode.txt</InfoPage>
    <InfoPage Title="Visual Basic Source">vbcode.txt</InfoPage>
  </InfoPages>
  <Keywords>
    <Keyword>Legend, Font</Keyword>
  </Keywords>    

</SampleConfig>
</SampleConfigs>
