<?xml version="1.0" ?> 
<SampleConfigs>
<SampleConfig ParentNodeID = "Annotations" Priority="300">
  <Title>Annotation Smart Labels</Title> 
  <Thumbnail>thumbnail.jpg</Thumbnail>
  <ShortBlurb>Annotation Smart Labels</ShortBlurb> 
  <SampleControl>AnnotationSmartLabels</SampleControl> 
  <InfoPages>
    <InfoPage Title="C# Source">cscode.txt</InfoPage>
    <InfoPage Title="Visual Basic Source">vbcode.txt</InfoPage>
  </InfoPages>
  <Keywords>
	<Keyword>Annotations, Using Labels</Keyword>
	<Keyword>Annotations, Smart Labels</Keyword>
	<Keyword>Smart Labels, Annotations</Keyword>
	<Keyword>Annotations, Avoiding Overlapping</Keyword>
  </Keywords>
</SampleConfig>

</SampleConfigs>
