<?xml version="1.0" ?> 
<SampleConfigs>
<SampleConfig ParentNodeID = "Annotations" Priority = "500">
  <Title>Free-drawing Annotations</Title> 
  <Thumbnail>thumbnail.jpg</Thumbnail>
  <ShortBlurb>Free-drawing Annotations</ShortBlurb> 
  <SampleControl>FreeDrawAnnotation</SampleControl> 
  <InfoPages>
    <InfoPage Title="C# Source">cscode.txt</InfoPage>
    <InfoPage Title="Visual Basic Source">vbcode.txt</InfoPage>
  </InfoPages>
  <Keywords>
	<Keyword>Annotations, Free-Drawing</Keyword>
	<Keyword>Annotations, Drawing with Mouse</Keyword>
  </Keywords>
</SampleConfig>

<SampleConfig ParentNodeID = "NewAnnotations">
  <Title>Free-drawing Annotations</Title>
  <Thumbnail>thumbnail.jpg</Thumbnail>
  <ShortBlurb>Free-drawing Annotations</ShortBlurb>
  <SampleControl>FreeDrawAnnotation</SampleControl> 
  <InfoPages>
    <InfoPage Title="C# Source">cscode.txt</InfoPage>
    <InfoPage Title="Visual Basic Source">vbcode.txt</InfoPage>
  </InfoPages>
  <Keywords>
	<Keyword>Annotations</Keyword>
	<Keyword>Annotations, Drawing</Keyword>
	<Keyword>Free Draw Annotation</Keyword>
  </Keywords>
</SampleConfig>

</SampleConfigs>
